"ASV_ID","Kingdom","Phylum","Class","Order","Family","Genus","Species"
"ASV1634","Bacteria","NA","NA","NA","NA","NA","NA"
"ASV2003","Bacteria","NA","NA","NA","NA","NA","NA"
"ASV230","Bacteria","Actinobacteriota","Coriobacteriia","Coriobacteriales","Eggerthellaceae","Senegalimassilia","NA"
"ASV312","Bacteria","Actinobacteriota","Coriobacteriia","Coriobacteriales","Eggerthellaceae","Eggerthella","lenta"
"ASV485","Bacteria","Actinobacteriota","Coriobacteriia","Coriobacteriales","Eggerthellaceae","Eggerthella","lenta"
"ASV259","Bacteria","Actinobacteriota","Coriobacteriia","Coriobacteriales","Coriobacteriales Incertae Sedis","NA","NA"
"ASV95","Bacteria","Actinobacteriota","Coriobacteriia","Coriobacteriales","Eggerthellaceae","NA","NA"
"ASV504","Bacteria","Actinobacteriota","Coriobacteriia","Coriobacteriales","Eggerthellaceae","Adlercreutzia","NA"
"ASV849","Bacteria","Actinobacteriota","Coriobacteriia","Coriobacteriales","Eggerthellaceae","Adlercreutzia","NA"
"ASV204","Bacteria","Actinobacteriota","Coriobacteriia","Coriobacteriales","Eggerthellaceae","Slackia","isoflavoniconvertens"
"ASV9","Bacteria","Actinobacteriota","Coriobacteriia","Coriobacteriales","Coriobacteriaceae","Collinsella","aerofaciens"
"ASV1595","Bacteria","Actinobacteriota","Coriobacteriia","Coriobacteriales","Atopobiaceae","Atopobium","parvulum"
"ASV1466","Bacteria","Actinobacteriota","Actinobacteria","Micrococcales","Microbacteriaceae","Leifsonia","NA"
"ASV1766","Bacteria","Actinobacteriota","Actinobacteria","Actinomycetales","Actinomycetaceae","Actinomyces","NA"
"ASV282","Archaea","Euryarchaeota","Methanobacteria","Methanobacteriales","Methanobacteriaceae","Methanobrevibacter","NA"
"ASV203","Bacteria","Desulfobacterota","Desulfovibrionia","Desulfovibrionales","Desulfovibrionaceae","Bilophila","wadsworthia"
"ASV260","Bacteria","Desulfobacterota","Desulfovibrionia","Desulfovibrionales","Desulfovibrionaceae","Desulfovibrio","NA"
"ASV1129","Bacteria","Firmicutes","Clostridia","Christensenellales","Christensenellaceae","NA","NA"
"ASV175","Bacteria","Firmicutes","Clostridia","Christensenellales","Christensenellaceae","Christensenellaceae R-7 group","NA"
"ASV242","Bacteria","Firmicutes","Clostridia","Christensenellales","Christensenellaceae","Christensenellaceae R-7 group","NA"
"ASV108","Bacteria","Firmicutes","Clostridia","Christensenellales","Christensenellaceae","Christensenellaceae R-7 group","NA"
"ASV648","Bacteria","Firmicutes","Clostridia","Christensenellales","Christensenellaceae","Christensenellaceae R-7 group","NA"
"ASV560","Bacteria","Firmicutes","Clostridia","Christensenellales","Christensenellaceae","Christensenellaceae R-7 group","NA"
"ASV522","Bacteria","Firmicutes","Clostridia","Christensenellales","Christensenellaceae","Christensenellaceae R-7 group","NA"
"ASV117","Bacteria","Firmicutes","Clostridia","Christensenellales","Christensenellaceae","Christensenellaceae R-7 group","NA"
"ASV92","Bacteria","Firmicutes","Clostridia","Christensenellales","Christensenellaceae","Christensenellaceae R-7 group","NA"
"ASV110","Bacteria","Firmicutes","Clostridia","Christensenellales","Christensenellaceae","Christensenellaceae R-7 group","NA"
"ASV127","Bacteria","Firmicutes","Clostridia","Christensenellales","Christensenellaceae","Christensenellaceae R-7 group","NA"
"ASV376","Bacteria","Firmicutes","Negativicutes","Veillonellales-Selenomonadales","Veillonellaceae","Veillonella","NA"
"ASV933","Bacteria","Firmicutes","Negativicutes","Veillonellales-Selenomonadales","Veillonellaceae","Veillonella","NA"
"ASV400","Bacteria","Firmicutes","Negativicutes","Veillonellales-Selenomonadales","Veillonellaceae","Veillonella","rogosae"
"ASV469","Bacteria","Firmicutes","Negativicutes","Veillonellales-Selenomonadales","Veillonellaceae","Veillonella","parvula"
"ASV422","Bacteria","Firmicutes","Negativicutes","Veillonellales-Selenomonadales","Veillonellaceae","Veillonella","parvula"
"ASV575","Bacteria","Firmicutes","Negativicutes","Veillonellales-Selenomonadales","Veillonellaceae","Veillonella","tobetsuensis"
"ASV94","Bacteria","Firmicutes","Negativicutes","Veillonellales-Selenomonadales","Veillonellaceae","Veillonella","dispar"
"ASV195","Bacteria","Firmicutes","Negativicutes","Veillonellales-Selenomonadales","Veillonellaceae","Veillonella","NA"
"ASV585","Bacteria","Firmicutes","Negativicutes","Veillonellales-Selenomonadales","Veillonellaceae","Veillonella","parvula"
"ASV135","Bacteria","Firmicutes","Negativicutes","Veillonellales-Selenomonadales","Veillonellaceae","Veillonella","atypica"
"ASV146","Bacteria","Firmicutes","Negativicutes","Veillonellales-Selenomonadales","Veillonellaceae","Veillonella","atypica"
"ASV100","Bacteria","Firmicutes","Negativicutes","Veillonellales-Selenomonadales","Veillonellaceae","Megasphaera","NA"
"ASV191","Bacteria","Firmicutes","Negativicutes","Veillonellales-Selenomonadales","Veillonellaceae","Megasphaera","NA"
"ASV189","Bacteria","Firmicutes","Negativicutes","Veillonellales-Selenomonadales","Veillonellaceae","Megasphaera","NA"
"ASV30","Bacteria","Firmicutes","Negativicutes","Veillonellales-Selenomonadales","Veillonellaceae","Megasphaera","NA"
"ASV34","Bacteria","Firmicutes","Negativicutes","Veillonellales-Selenomonadales","Veillonellaceae","Megasphaera","massiliensis"
"ASV130","Bacteria","Firmicutes","Negativicutes","Veillonellales-Selenomonadales","Veillonellaceae","Megasphaera","NA"
"ASV105","Bacteria","Firmicutes","Negativicutes","Veillonellales-Selenomonadales","Veillonellaceae","Megasphaera","NA"
"ASV87","Bacteria","Firmicutes","Negativicutes","Veillonellales-Selenomonadales","Selenomonadaceae","Megamonas","funiformis"
"ASV249","Bacteria","Firmicutes","Negativicutes","Veillonellales-Selenomonadales","Veillonellaceae","Dialister","succinatiphilus"
"ASV26","Bacteria","Firmicutes","Negativicutes","Veillonellales-Selenomonadales","Veillonellaceae","Dialister","NA"
"ASV11","Bacteria","Firmicutes","Negativicutes","Veillonellales-Selenomonadales","Veillonellaceae","Dialister","invisus"
"ASV24","Bacteria","Firmicutes","Negativicutes","Acidaminococcales","Acidaminococcaceae","Phascolarctobacterium","faecium"
"ASV99","Bacteria","Firmicutes","Negativicutes","Acidaminococcales","Acidaminococcaceae","Phascolarctobacterium","NA"
"ASV116","Bacteria","Firmicutes","Negativicutes","Acidaminococcales","Acidaminococcaceae","Phascolarctobacterium","succinatutens"
"ASV257","Bacteria","Firmicutes","Negativicutes","Acidaminococcales","Acidaminococcaceae","Phascolarctobacterium","succinatutens"
"ASV145","Bacteria","Firmicutes","Negativicutes","Acidaminococcales","Acidaminococcaceae","Phascolarctobacterium","NA"
"ASV14","Bacteria","Firmicutes","Negativicutes","Acidaminococcales","Acidaminococcaceae","Acidaminococcus","intestini"
"ASV417","Bacteria","Firmicutes","Bacilli","Lactobacillales","Streptococcaceae","Lactococcus","NA"
"ASV599","Bacteria","Firmicutes","Bacilli","Lactobacillales","Carnobacteriaceae","Granulicatella","NA"
"ASV85","Bacteria","Firmicutes","Bacilli","Lactobacillales","Enterococcaceae","Enterococcus","NA"
"ASV372","Bacteria","Firmicutes","Bacilli","Lactobacillales","Enterococcaceae","Enterococcus","NA"
"ASV819","Bacteria","Firmicutes","Bacilli","Staphylococcales","Gemellaceae","Gemella","NA"
"ASV626","Bacteria","Firmicutes","Bacilli","Staphylococcales","Gemellaceae","Gemella","sanguinis"
"ASV381","Bacteria","Firmicutes","Bacilli","Erysipelotrichales","Erysipelotrichaceae","Holdemanella","biformis"
"ASV86","Bacteria","Firmicutes","Bacilli","Erysipelotrichales","Erysipelotrichaceae","Holdemanella","NA"
"ASV1756","Bacteria","Firmicutes","Bacilli","Erysipelotrichales","Erysipelotrichaceae","Merdibacter","NA"
"ASV618","Bacteria","Firmicutes","Bacilli","Erysipelotrichales","Erysipelotrichaceae","[Clostridium] innocuum group","NA"
"ASV913","Bacteria","Firmicutes","Bacilli","Erysipelotrichales","Erysipelotrichaceae","Holdemania","filiformis"
"ASV514","Bacteria","Firmicutes","Bacilli","Erysipelotrichales","Erysipelatoclostridiaceae","Coprobacillus","cateniformis"
"ASV431","Bacteria","Firmicutes","Bacilli","Erysipelotrichales","Erysipelatoclostridiaceae","Erysipelatoclostridium","NA"
"ASV292","Bacteria","Firmicutes","Bacilli","Erysipelotrichales","Erysipelatoclostridiaceae","Erysipelatoclostridium","ramosum"
"ASV118","Bacteria","Firmicutes","Bacilli","Erysipelotrichales","Erysipelatoclostridiaceae","Erysipelotrichaceae UCG-003","NA"
"ASV102","Bacteria","Firmicutes","Bacilli","Erysipelotrichales","Erysipelatoclostridiaceae","Erysipelotrichaceae UCG-003","bacterium"
"ASV75","Bacteria","Firmicutes","Bacilli","Erysipelotrichales","Erysipelatoclostridiaceae","Catenibacterium","NA"
"ASV256","Bacteria","Firmicutes","Bacilli","Erysipelotrichales","Erysipelotrichaceae","Turicibacter","sanguinis"
"ASV707","Bacteria","Firmicutes","Bacilli","Erysipelotrichales","Erysipelotrichaceae","Turicibacter","sanguinis"
"ASV608","Bacteria","Firmicutes","Clostridia","Clostridiales","Clostridiaceae","Clostridium sensu stricto 1","NA"
"ASV298","Bacteria","Firmicutes","Clostridia","Clostridiales","Clostridiaceae","Clostridium sensu stricto 1","NA"
"ASV367","Bacteria","Firmicutes","Clostridia","Clostridiales","Clostridiaceae","Clostridium sensu stricto 1","NA"
"ASV132","Bacteria","Firmicutes","Clostridia","Clostridiales","Clostridiaceae","Clostridium sensu stricto 1","NA"
"ASV686","Bacteria","Patescibacteria","Saccharimonadia","Saccharimonadales","Saccharimonadaceae","TM7x","NA"
"ASV1696","Bacteria","Patescibacteria","Saccharimonadia","Saccharimonadales","Saccharimonadaceae","NA","NA"
"ASV295","Bacteria","Proteobacteria","Gammaproteobacteria","Enterobacterales","Pasteurellaceae","Haemophilus","NA"
"ASV824","Bacteria","Proteobacteria","Gammaproteobacteria","Enterobacterales","Pasteurellaceae","Haemophilus","parainfluenzae"
"ASV813","Bacteria","Proteobacteria","Gammaproteobacteria","Enterobacterales","Pasteurellaceae","Haemophilus","NA"
"ASV331","Bacteria","Proteobacteria","Gammaproteobacteria","Enterobacterales","Enterobacteriaceae","NA","NA"
"ASV182","Bacteria","Proteobacteria","Gammaproteobacteria","Enterobacterales","Enterobacteriaceae","Enterobacter","NA"
"ASV238","Bacteria","Proteobacteria","Gammaproteobacteria","Enterobacterales","Enterobacteriaceae","Enterobacter","NA"
"ASV97","Bacteria","Proteobacteria","Gammaproteobacteria","Enterobacterales","Enterobacteriaceae","Enterobacter","NA"
"ASV152","Bacteria","Proteobacteria","Gammaproteobacteria","Enterobacterales","Enterobacteriaceae","Klebsiella","NA"
"ASV141","Bacteria","Proteobacteria","Gammaproteobacteria","Enterobacterales","Enterobacteriaceae","Klebsiella","NA"
"ASV176","Bacteria","Proteobacteria","Gammaproteobacteria","Enterobacterales","Enterobacteriaceae","Klebsiella","NA"
"ASV1198","Bacteria","Proteobacteria","Gammaproteobacteria","Enterobacterales","Enterobacteriaceae","Escherichia-Shigella","NA"
"ASV1569","Bacteria","Proteobacteria","Gammaproteobacteria","Enterobacterales","Enterobacteriaceae","Escherichia-Shigella","NA"
"ASV1","Bacteria","Proteobacteria","Gammaproteobacteria","Enterobacterales","Enterobacteriaceae","Escherichia-Shigella","NA"
"ASV72","Bacteria","Proteobacteria","Gammaproteobacteria","Enterobacterales","Enterobacteriaceae","Escherichia-Shigella","NA"
"ASV967","Bacteria","Proteobacteria","Gammaproteobacteria","Enterobacterales","Enterobacteriaceae","Escherichia-Shigella","NA"
"ASV202","Bacteria","Proteobacteria","Gammaproteobacteria","Burkholderiales","Sutterellaceae","Parasutterella","excrementihominis"
"ASV210","Bacteria","Proteobacteria","Gammaproteobacteria","Burkholderiales","Sutterellaceae","Parasutterella","NA"
"ASV416","Bacteria","Proteobacteria","Gammaproteobacteria","Burkholderiales","Sutterellaceae","Parasutterella","NA"
"ASV735","Bacteria","Proteobacteria","Gammaproteobacteria","Burkholderiales","Burkholderiaceae","Burkholderia-Caballeronia-Paraburkholderia","NA"
"ASV355","Bacteria","Firmicutes","Clostridia","Peptostreptococcales-Tissierellales","Peptostreptococcaceae","Terrisporobacter","NA"
"ASV156","Bacteria","Firmicutes","Clostridia","Peptostreptococcales-Tissierellales","Peptostreptococcaceae","Intestinibacter","bartlettii"
"ASV873","Bacteria","Firmicutes","Clostridia","Peptostreptococcales-Tissierellales","Peptostreptococcaceae","Romboutsia","NA"
"ASV832","Bacteria","Firmicutes","Clostridia","Peptostreptococcales-Tissierellales","Peptostreptococcaceae","Romboutsia","sedimentorum"
"ASV46","Bacteria","Firmicutes","Clostridia","Peptostreptococcales-Tissierellales","Peptostreptococcaceae","Romboutsia","NA"
"ASV1192","Bacteria","Firmicutes","Clostridia","Peptostreptococcales-Tissierellales","Peptostreptococcaceae","Romboutsia","NA"
"ASV842","Bacteria","Firmicutes","Clostridia","Peptostreptococcales-Tissierellales","Anaerovoracaceae","Family XIII AD3011 group","NA"
"ASV1351","Bacteria","Firmicutes","Clostridia","Peptostreptococcales-Tissierellales","Anaerovoracaceae","Family XIII AD3011 group","NA"
"ASV427","Bacteria","Firmicutes","Clostridia","Peptostreptococcales-Tissierellales","Anaerovoracaceae","Family XIII AD3011 group","NA"
"ASV670","Bacteria","Firmicutes","Clostridia","Peptostreptococcales-Tissierellales","Anaerovoracaceae","Family XIII AD3011 group","NA"
"ASV261","Bacteria","Firmicutes","Clostridia","Peptostreptococcales-Tissierellales","Anaerovoracaceae","Family XIII AD3011 group","NA"
"ASV454","Bacteria","Firmicutes","Clostridia","Peptostreptococcales-Tissierellales","Anaerovoracaceae","[Eubacterium] brachy group","NA"
"ASV326","Bacteria","Firmicutes","Clostridia","Peptostreptococcales-Tissierellales","Anaerovoracaceae","Family XIII UCG-001","NA"
"ASV18","Bacteria","Actinobacteriota","Actinobacteria","Bifidobacteriales","Bifidobacteriaceae","Bifidobacterium","NA"
"ASV67","Bacteria","Actinobacteriota","Actinobacteria","Bifidobacteriales","Bifidobacteriaceae","Bifidobacterium","NA"
"ASV541","Bacteria","Actinobacteriota","Actinobacteria","Bifidobacteriales","Bifidobacteriaceae","Bifidobacterium","dentium"
"ASV115","Bacteria","Actinobacteriota","Actinobacteria","Bifidobacteriales","Bifidobacteriaceae","Bifidobacterium","bifidum"
"ASV27","Bacteria","Actinobacteriota","Actinobacteria","Bifidobacteriales","Bifidobacteriaceae","Bifidobacterium","longum"
"ASV208","Bacteria","Actinobacteriota","Actinobacteria","Bifidobacteriales","Bifidobacteriaceae","Bifidobacterium","longum"
"ASV223","Bacteria","Bacteroidota","Bacteroidia","Bacteroidales","Prevotellaceae","Prevotella_9","NA"
"ASV33","Bacteria","Bacteroidota","Bacteroidia","Bacteroidales","Prevotellaceae","Prevotella_9","copri"
"ASV178","Bacteria","Bacteroidota","Bacteroidia","Bacteroidales","Prevotellaceae","Prevotella_9","copri"
"ASV78","Bacteria","Bacteroidota","Bacteroidia","Bacteroidales","Prevotellaceae","Prevotella_9","NA"
"ASV183","Bacteria","Bacteroidota","Bacteroidia","Bacteroidales","Prevotellaceae","Prevotella_9","NA"
"ASV74","Bacteria","Bacteroidota","Bacteroidia","Bacteroidales","Prevotellaceae","Prevotella_9","NA"
"ASV181","Bacteria","Bacteroidota","Bacteroidia","Bacteroidales","Prevotellaceae","Prevotella_9","NA"
"ASV289","Bacteria","Bacteroidota","Bacteroidia","Bacteroidales","Prevotellaceae","Prevotella_9","NA"
"ASV93","Bacteria","Bacteroidota","Bacteroidia","Bacteroidales","Prevotellaceae","Prevotella_9","NA"
"ASV287","Bacteria","Bacteroidota","Bacteroidia","Bacteroidales","Prevotellaceae","Prevotella_9","NA"
"ASV201","Bacteria","Bacteroidota","Bacteroidia","Bacteroidales","Prevotellaceae","Prevotella_9","NA"
"ASV49","Bacteria","Bacteroidota","Bacteroidia","Bacteroidales","Prevotellaceae","Prevotella_9","NA"
"ASV185","Bacteria","Bacteroidota","Bacteroidia","Bacteroidales","Prevotellaceae","Prevotella_9","copri"
"ASV73","Bacteria","Bacteroidota","Bacteroidia","Bacteroidales","Prevotellaceae","Prevotellaceae NK3B31 group","NA"
"ASV179","Bacteria","Bacteroidota","Bacteroidia","Bacteroidales","Prevotellaceae","Prevotellaceae NK3B31 group","NA"
"ASV172","Bacteria","Bacteroidota","Bacteroidia","Bacteroidales","Prevotellaceae","Prevotellaceae NK3B31 group","NA"
"ASV91","Bacteria","Bacteroidota","Bacteroidia","Bacteroidales","Prevotellaceae","Prevotellaceae NK3B31 group","NA"
"ASV126","Bacteria","Bacteroidota","Bacteroidia","Bacteroidales","Prevotellaceae","Paraprevotella","NA"
"ASV221","Bacteria","Bacteroidota","Bacteroidia","Bacteroidales","Prevotellaceae","Paraprevotella","NA"
"ASV217","Bacteria","Bacteroidota","Bacteroidia","Bacteroidales","Bacteroidaceae","Bacteroides","uniformis"
"ASV184","Bacteria","Bacteroidota","Bacteroidia","Bacteroidales","Bacteroidaceae","Bacteroides","NA"
"ASV37","Bacteria","Bacteroidota","Bacteroidia","Bacteroidales","Bacteroidaceae","Bacteroides","uniformis"
"ASV23","Bacteria","Bacteroidota","Bacteroidia","Bacteroidales","Bacteroidaceae","Bacteroides","uniformis"
"ASV170","Bacteria","Bacteroidota","Bacteroidia","Bacteroidales","Bacteroidaceae","Bacteroides","uniformis"
"ASV68","Bacteria","Bacteroidota","Bacteroidia","Bacteroidales","Bacteroidaceae","Bacteroides","plebeius"
"ASV234","Bacteria","Bacteroidota","Bacteroidia","Bacteroidales","Bacteroidaceae","Bacteroides","NA"
"ASV159","Bacteria","Bacteroidota","Bacteroidia","Bacteroidales","Bacteroidaceae","Bacteroides","plebeius"
"ASV161","Bacteria","Bacteroidota","Bacteroidia","Bacteroidales","Bacteroidaceae","Bacteroides","NA"
"ASV58","Bacteria","Bacteroidota","Bacteroidia","Bacteroidales","Bacteroidaceae","Bacteroides","coprocola"
"ASV98","Bacteria","Bacteroidota","Bacteroidia","Bacteroidales","Bacteroidaceae","Bacteroides","coprocola"
"ASV239","Bacteria","Bacteroidota","Bacteroidia","Bacteroidales","Bacteroidaceae","Bacteroides","eggerthii"
"ASV275","Bacteria","Bacteroidota","Bacteroidia","Bacteroidales","Bacteroidaceae","Bacteroides","eggerthii"
"ASV89","Bacteria","Bacteroidota","Bacteroidia","Bacteroidales","Bacteroidaceae","Bacteroides","NA"
"ASV171","Bacteria","Bacteroidota","Bacteroidia","Bacteroidales","Bacteroidaceae","Bacteroides","fragilis"
"ASV62","Bacteria","Bacteroidota","Bacteroidia","Bacteroidales","Bacteroidaceae","Bacteroides","massiliensis"
"ASV69","Bacteria","Bacteroidota","Bacteroidia","Bacteroidales","Bacteroidaceae","Bacteroides","massiliensis"
"ASV177","Bacteria","Bacteroidota","Bacteroidia","Bacteroidales","Bacteroidaceae","Bacteroides","massiliensis"
"ASV35","Bacteria","Bacteroidota","Bacteroidia","Bacteroidales","Bacteroidaceae","Bacteroides","NA"
"ASV70","Bacteria","Bacteroidota","Bacteroidia","Bacteroidales","Bacteroidaceae","Bacteroides","stercoris"
"ASV167","Bacteria","Bacteroidota","Bacteroidia","Bacteroidales","Bacteroidaceae","Bacteroides","stercoris"
"ASV168","Bacteria","Bacteroidota","Bacteroidia","Bacteroidales","Bacteroidaceae","Bacteroides","NA"
"ASV363","Bacteria","Bacteroidota","Bacteroidia","Bacteroidales","Bacteroidaceae","Bacteroides","finegoldii"
"ASV128","Bacteria","Bacteroidota","Bacteroidia","Bacteroidales","Bacteroidaceae","Bacteroides","NA"
"ASV450","Bacteria","Bacteroidota","Bacteroidia","Bacteroidales","Bacteroidaceae","Bacteroides","faecis"
"ASV81","Bacteria","Bacteroidota","Bacteroidia","Bacteroidales","Bacteroidaceae","Bacteroides","thetaiotaomicron"
"ASV106","Bacteria","Bacteroidota","Bacteroidia","Bacteroidales","Bacteroidaceae","Bacteroides","NA"
"ASV228","Bacteria","Bacteroidota","Bacteroidia","Bacteroidales","Bacteroidaceae","Bacteroides","NA"
"ASV388","Bacteria","Bacteroidota","Bacteroidia","Bacteroidales","Bacteroidaceae","Bacteroides","NA"
"ASV684","Bacteria","Bacteroidota","Bacteroidia","Bacteroidales","Bacteroidaceae","Bacteroides","NA"
"ASV166","Bacteria","Bacteroidota","Bacteroidia","Bacteroidales","Bacteroidaceae","Bacteroides","NA"
"ASV212","Bacteria","Bacteroidota","Bacteroidia","Bacteroidales","Bacteroidaceae","Bacteroides","NA"
"ASV386","Bacteria","Bacteroidota","Bacteroidia","Bacteroidales","Bacteroidaceae","Bacteroides","ovatus"
"ASV405","Bacteria","Bacteroidota","Bacteroidia","Bacteroidales","Bacteroidaceae","Bacteroides","ovatus"
"ASV113","Bacteria","Bacteroidota","Bacteroidia","Bacteroidales","Bacteroidaceae","Bacteroides","caccae"
"ASV124","Bacteria","Bacteroidota","Bacteroidia","Bacteroidales","Bacteroidaceae","Bacteroides","caccae"
"ASV186","Bacteria","Bacteroidota","Bacteroidia","Bacteroidales","Bacteroidaceae","Bacteroides","caccae"
"ASV428","Bacteria","Bacteroidota","Bacteroidia","Bacteroidales","Bacteroidaceae","Bacteroides","clarus"
"ASV31","Bacteria","Bacteroidota","Bacteroidia","Bacteroidales","Bacteroidaceae","Bacteroides","NA"
"ASV1890","Bacteria","Bacteroidota","Bacteroidia","Bacteroidales","Bacteroidaceae","Bacteroides","NA"
"ASV20","Bacteria","Bacteroidota","Bacteroidia","Bacteroidales","Bacteroidaceae","Bacteroides","vulgatus"
"ASV10","Bacteria","Bacteroidota","Bacteroidia","Bacteroidales","Bacteroidaceae","Bacteroides","vulgatus"
"ASV229","Bacteria","Bacteroidota","Bacteroidia","Bacteroidales","Bacteroidaceae","Bacteroides","vulgatus"
"ASV50","Bacteria","Bacteroidota","Bacteroidia","Bacteroidales","Bacteroidaceae","Bacteroides","vulgatus"
"ASV28","Bacteria","Bacteroidota","Bacteroidia","Bacteroidales","Bacteroidaceae","Bacteroides","NA"
"ASV341","Bacteria","Bacteroidota","Bacteroidia","Bacteroidales","Bacteroidaceae","Bacteroides","vulgatus"
"ASV1006","Bacteria","Bacteroidota","Bacteroidia","Bacteroidales","Bacteroidaceae","Bacteroides","NA"
"ASV48","Bacteria","Bacteroidota","Bacteroidia","Bacteroidales","Tannerellaceae","Parabacteroides","merdae"
"ASV362","Bacteria","Bacteroidota","Bacteroidia","Bacteroidales","Tannerellaceae","NA","NA"
"ASV682","Bacteria","Bacteroidota","Bacteroidia","Bacteroidales","Marinifilaceae","Butyricimonas","NA"
"ASV293","Bacteria","Bacteroidota","Bacteroidia","Bacteroidales","Marinifilaceae","Odoribacter","splanchnicus"
"ASV269","Bacteria","Bacteroidota","Bacteroidia","Bacteroidales","Marinifilaceae","Odoribacter","splanchnicus"
"ASV1450","Bacteria","Firmicutes","Clostridia","Oscillospirales","Ruminococcaceae","NA","NA"
"ASV1008","Bacteria","Firmicutes","Clostridia","Oscillospirales","Oscillospiraceae","UCG-005","NA"
"ASV1127","Bacteria","Firmicutes","Clostridia","Oscillospirales","Oscillospiraceae","UCG-005","NA"
"ASV458","Bacteria","Firmicutes","Clostridia","Oscillospirales","Oscillospiraceae","UCG-005","NA"
"ASV1024","Bacteria","Firmicutes","Clostridia","Oscillospirales","Oscillospiraceae","UCG-005","NA"
"ASV149","Bacteria","Firmicutes","Clostridia","Oscillospirales","Oscillospiraceae","UCG-005","NA"
"ASV215","Bacteria","Firmicutes","Clostridia","Oscillospirales","Oscillospiraceae","UCG-005","NA"
"ASV546","Bacteria","Firmicutes","Clostridia","Oscillospirales","Oscillospiraceae","NA","NA"
"ASV237","Bacteria","Firmicutes","Clostridia","Oscillospirales","Oscillospiraceae","UCG-002","NA"
"ASV47","Bacteria","Firmicutes","Clostridia","Oscillospirales","Oscillospiraceae","UCG-002","NA"
"ASV112","Bacteria","Firmicutes","Clostridia","Oscillospirales","Oscillospiraceae","UCG-002","NA"
"ASV1010","Bacteria","Firmicutes","Clostridia","Oscillospirales","Oscillospiraceae","Oscillospira","NA"
"ASV180","Bacteria","Firmicutes","Clostridia","Oscillospirales","Oscillospiraceae","Oscillibacter","NA"
"ASV734","Bacteria","Firmicutes","Clostridia","Oscillospirales","Oscillospiraceae","Oscillibacter","NA"
"ASV1055","Bacteria","Firmicutes","Clostridia","Oscillospirales","Oscillospiraceae","Oscillospira","NA"
"ASV174","Bacteria","Firmicutes","Clostridia","Oscillospirales","Oscillospiraceae","UCG-002","NA"
"ASV57","Bacteria","Firmicutes","Clostridia","Oscillospirales","Oscillospiraceae","UCG-002","NA"
"ASV537","Bacteria","Firmicutes","Clostridia","Oscillospirales","Oscillospiraceae","UCG-003","NA"
"ASV503","Bacteria","Firmicutes","Clostridia","Oscillospirales","Oscillospiraceae","UCG-003","NA"
"ASV207","Bacteria","Firmicutes","Clostridia","Oscillospirales","Oscillospiraceae","UCG-003","NA"
"ASV526","Bacteria","Firmicutes","Clostridia","Oscillospirales","Oscillospiraceae","Colidextribacter","NA"
"ASV480","Bacteria","Firmicutes","Clostridia","Oscillospirales","Oscillospiraceae","NA","NA"
"ASV137","Bacteria","Firmicutes","Clostridia","Oscillospirales","Oscillospiraceae","NA","NA"
"ASV279","Bacteria","Firmicutes","Clostridia","Oscillospirales","Oscillospiraceae","Intestinimonas","NA"
"ASV1803","Bacteria","Firmicutes","Clostridia","Oscillospirales","Oscillospiraceae","Intestinimonas","NA"
"ASV1159","Bacteria","Firmicutes","Clostridia","Oscillospirales","Oscillospiraceae","Intestinimonas","NA"
"ASV687","Bacteria","Firmicutes","Clostridia","Oscillospirales","Oscillospiraceae","Flavonifractor","NA"
"ASV973","Bacteria","Firmicutes","Clostridia","Oscillospirales","Oscillospiraceae","Flavonifractor","NA"
"ASV164","Bacteria","Firmicutes","Clostridia","Oscillospirales","Oscillospiraceae","Flavonifractor","plautii"
"ASV512","Bacteria","Firmicutes","Clostridia","Oscillospirales","Oscillospiraceae","Flavonifractor","plautii"
"ASV1797","Bacteria","Firmicutes","Clostridia","Oscillospirales","Oscillospiraceae","Intestinimonas","NA"
"ASV516","Bacteria","Firmicutes","Clostridia","Oscillospirales","Oscillospiraceae","Intestinimonas","butyriciproducens"
"ASV1037","Bacteria","Firmicutes","Clostridia","Oscillospirales","Oscillospiraceae","Colidextribacter","NA"
"ASV510","Bacteria","Firmicutes","Clostridia","Oscillospirales","Oscillospiraceae","Colidextribacter","NA"
"ASV308","Bacteria","Firmicutes","Clostridia","Oscillospirales","Oscillospiraceae","Colidextribacter","NA"
"ASV330","Bacteria","Firmicutes","Clostridia","Oscillospirales","Oscillospiraceae","NK4A214 group","NA"
"ASV54","Bacteria","Firmicutes","Clostridia","Oscillospirales","Oscillospiraceae","NK4A214 group","NA"
"ASV1777","Bacteria","Firmicutes","Clostridia","Oscillospirales","Oscillospiraceae","Papillibacter","NA"
"ASV1188","Bacteria","Firmicutes","Clostridia","Oscillospirales","Butyricicoccaceae","UCG-009","NA"
"ASV53","Bacteria","Firmicutes","Clostridia","Monoglobales","Monoglobaceae","Monoglobus","NA"
"ASV245","Bacteria","Bacteroidota","Bacteroidia","Bacteroidales","Barnesiellaceae","Barnesiella","NA"
"ASV220","Bacteria","Bacteroidota","Bacteroidia","Bacteroidales","Barnesiellaceae","Barnesiella","intestinihominis"
"ASV192","Bacteria","Bacteroidota","Bacteroidia","Bacteroidales","Barnesiellaceae","Barnesiella","NA"
"ASV460","Bacteria","Bacteroidota","Bacteroidia","Bacteroidales","Tannerellaceae","Parabacteroides","distasonis"
"ASV345","Bacteria","Bacteroidota","Bacteroidia","Bacteroidales","Tannerellaceae","Parabacteroides","distasonis"
"ASV225","Bacteria","Bacteroidota","Bacteroidia","Bacteroidales","Tannerellaceae","Parabacteroides","distasonis"
"ASV155","Bacteria","Bacteroidota","Bacteroidia","Bacteroidales","Tannerellaceae","Parabacteroides","distasonis"
"ASV297","Bacteria","Bacteroidota","Bacteroidia","Bacteroidales","Rikenellaceae","Alistipes","obesi"
"ASV1363","Bacteria","Firmicutes","Clostridia","Oscillospirales","Ruminococcaceae","Faecalibacterium","NA"
"ASV2","Bacteria","Firmicutes","Clostridia","Oscillospirales","Ruminococcaceae","Faecalibacterium","prausnitzii"
"ASV83","Bacteria","Firmicutes","Clostridia","Oscillospirales","Ruminococcaceae","Faecalibacterium","prausnitzii"
"ASV134","Bacteria","Firmicutes","Clostridia","Oscillospirales","Ruminococcaceae","Faecalibacterium","NA"
"ASV129","Bacteria","Firmicutes","Clostridia","Oscillospirales","Ruminococcaceae","Faecalibacterium","prausnitzii"
"ASV17","Bacteria","Firmicutes","Clostridia","Oscillospirales","Ruminococcaceae","Faecalibacterium","prausnitzii"
"ASV1118","Bacteria","Firmicutes","Clostridia","Oscillospirales","Ruminococcaceae","Faecalibacterium","NA"
"ASV1546","Bacteria","Firmicutes","Clostridia","Oscillospirales","Ruminococcaceae","Faecalibacterium","NA"
"ASV5","Bacteria","Firmicutes","Clostridia","Oscillospirales","Ruminococcaceae","Faecalibacterium","prausnitzii"
"ASV1134","Bacteria","Firmicutes","Clostridia","Oscillospirales","Ruminococcaceae","Faecalibacterium","NA"
"ASV2056","Bacteria","Firmicutes","Clostridia","Oscillospirales","Ruminococcaceae","Faecalibacterium","NA"
"ASV6","Bacteria","Firmicutes","Clostridia","Oscillospirales","Ruminococcaceae","Faecalibacterium","NA"
"ASV39","Bacteria","Firmicutes","Clostridia","Oscillospirales","[Eubacterium] coprostanoligenes group","NA","NA"
"ASV484","Bacteria","Firmicutes","Clostridia","Lachnospirales","Lachnospiraceae","Lachnospiraceae UCG-010","NA"
"ASV96","Bacteria","Firmicutes","Clostridia","Lachnospirales","Lachnospiraceae","Lachnospiraceae UCG-010","NA"
"ASV147","Bacteria","Firmicutes","Clostridia","Lachnospirales","Lachnospiraceae","Tyzzerella","NA"
"ASV214","Bacteria","Firmicutes","Clostridia","Oscillospirales","Ruminococcaceae","Ruminococcus","NA"
"ASV290","Bacteria","Firmicutes","Clostridia","Oscillospirales","Ruminococcaceae","Ruminococcus","callidus"
"ASV316","Bacteria","Firmicutes","Clostridia","Oscillospirales","Ruminococcaceae","Ruminococcus","NA"
"ASV310","Bacteria","Firmicutes","Clostridia","Oscillospirales","Ruminococcaceae","Ruminococcus","champanellensis"
"ASV80","Bacteria","Firmicutes","Clostridia","Oscillospirales","Ruminococcaceae","Ruminococcus","bicirculans"
"ASV274","Bacteria","Firmicutes","Clostridia","Oscillospirales","Ruminococcaceae","Ruminococcus","NA"
"ASV286","Bacteria","Firmicutes","Clostridia","Oscillospirales","Ruminococcaceae","Ruminococcus","NA"
"ASV241","Bacteria","Firmicutes","Clostridia","Oscillospirales","Ruminococcaceae","[Eubacterium] siraeum group","NA"
"ASV121","Bacteria","Firmicutes","Clostridia","Oscillospirales","Ruminococcaceae","[Eubacterium] siraeum group","NA"
"ASV1920","Bacteria","Firmicutes","Clostridia","Oscillospirales","Ruminococcaceae","NA","NA"
"ASV2320","Bacteria","Firmicutes","Clostridia","Oscillospirales","Ruminococcaceae","Anaerotruncus","rubiinfantis"
"ASV558","Bacteria","Firmicutes","Clostridia","Oscillospirales","Ruminococcaceae","Anaerotruncus","colihominis"
"ASV236","Bacteria","Firmicutes","Clostridia","Oscillospirales","Ruminococcaceae","NA","NA"
"ASV1267","Bacteria","Firmicutes","Clostridia","Oscillospirales","Ruminococcaceae","Phocea","massiliensis"
"ASV1388","Bacteria","Firmicutes","Clostridia","Oscillospirales","[Clostridium] methylpentosum group","NA","NA"
"ASV768","Bacteria","Firmicutes","Clostridia","Oscillospirales","Ruminococcaceae","NA","NA"
"ASV985","Bacteria","Firmicutes","Clostridia","Oscillospirales","Ruminococcaceae","NA","NA"
"ASV1251","Bacteria","Firmicutes","Clostridia","Oscillospirales","Ruminococcaceae","Candidatus Soleaferrea","NA"
"ASV995","Bacteria","Firmicutes","Clostridia","Oscillospirales","Ruminococcaceae","Candidatus Soleaferrea","NA"
"ASV1727","Bacteria","Firmicutes","Clostridia","Oscillospirales","Ruminococcaceae","Paludicola","NA"
"ASV1108","Bacteria","Firmicutes","Clostridia","Oscillospirales","Ruminococcaceae","NA","NA"
"ASV224","Bacteria","Firmicutes","Clostridia","Oscillospirales","Ruminococcaceae","Negativibacillus","NA"
"ASV951","Bacteria","Firmicutes","Clostridia","Oscillospirales","Ruminococcaceae","NA","NA"
"ASV1078","Bacteria","Firmicutes","Clostridia","Oscillospirales","Ruminococcaceae","NA","NA"
"ASV662","Bacteria","Firmicutes","Clostridia","Oscillospirales","[Eubacterium] coprostanoligenes group","NA","NA"
"ASV32","Bacteria","Firmicutes","Clostridia","Oscillospirales","[Eubacterium] coprostanoligenes group","NA","NA"
"ASV61","Bacteria","Firmicutes","Clostridia","Oscillospirales","[Eubacterium] coprostanoligenes group","NA","NA"
"ASV244","Bacteria","Firmicutes","Clostridia","Oscillospirales","[Eubacterium] coprostanoligenes group","NA","NA"
"ASV131","Bacteria","Firmicutes","Clostridia","Oscillospirales","[Eubacterium] coprostanoligenes group","NA","NA"
"ASV206","Bacteria","Firmicutes","Clostridia","Oscillospirales","[Eubacterium] coprostanoligenes group","NA","NA"
"ASV138","Bacteria","Firmicutes","Clostridia","Oscillospirales","Oscillospiraceae","UCG-005","NA"
"ASV88","Bacteria","Firmicutes","Clostridia","Lachnospirales","Lachnospiraceae","[Eubacterium] ruminantium group","NA"
"ASV63","Bacteria","Firmicutes","Clostridia","Lachnospirales","Lachnospiraceae","[Eubacterium] hallii group","NA"
"ASV142","Bacteria","Firmicutes","Clostridia","Lachnospirales","Lachnospiraceae","[Eubacterium] hallii group","NA"
"ASV25","Bacteria","Firmicutes","Clostridia","Lachnospirales","Lachnospiraceae","[Eubacterium] hallii group","NA"
"ASV235","Bacteria","Firmicutes","Clostridia","Lachnospirales","Lachnospiraceae","[Eubacterium] hallii group","NA"
"ASV1293","Bacteria","Firmicutes","Bacilli","Lactobacillales","Streptococcaceae","Streptococcus","NA"
"ASV114","Bacteria","Firmicutes","Bacilli","Lactobacillales","Streptococcaceae","Streptococcus","NA"
"ASV658","Bacteria","Firmicutes","Bacilli","Lactobacillales","Streptococcaceae","Streptococcus","parasanguinis"
"ASV383","Bacteria","Firmicutes","Bacilli","Lactobacillales","Streptococcaceae","Streptococcus","mutans"
"ASV385","Bacteria","Firmicutes","Bacilli","Lactobacillales","Streptococcaceae","Streptococcus","NA"
"ASV423","Bacteria","Firmicutes","Bacilli","Lactobacillales","Streptococcaceae","Streptococcus","NA"
"ASV762","Bacteria","Firmicutes","Bacilli","Lactobacillales","Streptococcaceae","Streptococcus","NA"
"ASV251","Bacteria","Firmicutes","Bacilli","Lactobacillales","Streptococcaceae","Streptococcus","NA"
"ASV804","Bacteria","Firmicutes","Bacilli","Lactobacillales","Streptococcaceae","Streptococcus","NA"
"ASV539","Bacteria","Firmicutes","Bacilli","Lactobacillales","Streptococcaceae","Streptococcus","NA"
"ASV439","Bacteria","Firmicutes","Bacilli","Lactobacillales","Streptococcaceae","Streptococcus","NA"
"ASV255","Bacteria","Firmicutes","Bacilli","Lactobacillales","Streptococcaceae","Streptococcus","NA"
"ASV15","Bacteria","Firmicutes","Bacilli","Lactobacillales","Streptococcaceae","Streptococcus","NA"
"ASV82","Bacteria","Firmicutes","Bacilli","Lactobacillales","Streptococcaceae","Streptococcus","NA"
"ASV125","Bacteria","Firmicutes","Bacilli","Lactobacillales","Lactobacillaceae","Lactobacillus","NA"
"ASV858","Bacteria","Firmicutes","Bacilli","Lactobacillales","Lactobacillaceae","Latilactobacillus","NA"
"ASV231","Bacteria","Firmicutes","Bacilli","Lactobacillales","Lactobacillaceae","HT002","NA"
"ASV219","Bacteria","Firmicutes","Bacilli","Lactobacillales","Lactobacillaceae","Ligilactobacillus","NA"
"ASV465","Bacteria","Firmicutes","Clostridia","Oscillospirales","Ruminococcaceae","NA","NA"
"ASV638","Bacteria","Firmicutes","Clostridia","Oscillospirales","Ruminococcaceae","Fournierella","NA"
"ASV1964","Bacteria","Firmicutes","Clostridia","Oscillospirales","Ruminococcaceae","Anaerofilum","NA"
"ASV133","Bacteria","Firmicutes","Clostridia","Oscillospirales","Ruminococcaceae","UBA1819","NA"
"ASV8","Bacteria","Firmicutes","Clostridia","Oscillospirales","Ruminococcaceae","Subdoligranulum","NA"
"ASV426","Bacteria","Firmicutes","Clostridia","Oscillospirales","Ruminococcaceae","Subdoligranulum","NA"
"ASV136","Bacteria","Firmicutes","Clostridia","Oscillospirales","Ruminococcaceae","Subdoligranulum","NA"
"ASV13","Bacteria","Firmicutes","Clostridia","Oscillospirales","Ruminococcaceae","Subdoligranulum","NA"
"ASV12","Bacteria","Verrucomicrobiota","Verrucomicrobiae","Verrucomicrobiales","Akkermansiaceae","Akkermansia","muciniphila"
"ASV3","Bacteria","Verrucomicrobiota","Verrucomicrobiae","Verrucomicrobiales","Akkermansiaceae","Akkermansia","muciniphila"
"ASV143","Bacteria","Firmicutes","Clostridia","Oscillospirales","Ruminococcaceae","Incertae Sedis","NA"
"ASV424","Bacteria","Firmicutes","Clostridia","Oscillospirales","Ruminococcaceae","Incertae Sedis","NA"
"ASV199","Bacteria","Firmicutes","Clostridia","Oscillospirales","Ruminococcaceae","Incertae Sedis","NA"
"ASV527","Bacteria","Firmicutes","Clostridia","Oscillospirales","Ruminococcaceae","DTU089","NA"
"ASV576","Bacteria","Firmicutes","Clostridia","Oscillospirales","Ruminococcaceae","DTU089","NA"
"ASV1056","Bacteria","Firmicutes","Clostridia","Oscillospirales","Ruminococcaceae","NA","NA"
"ASV1796","Bacteria","Firmicutes","Clostridia","Oscillospirales","Ruminococcaceae","Incertae Sedis","NA"
"ASV1556","Bacteria","Firmicutes","Clostridia","Oscillospirales","Ruminococcaceae","Incertae Sedis","NA"
"ASV233","Bacteria","Firmicutes","Clostridia","Oscillospirales","Ruminococcaceae","Incertae Sedis","NA"
"ASV1879","Bacteria","Firmicutes","Clostridia","Oscillospirales","Ruminococcaceae","Caproiciproducens","NA"
"ASV1893","Bacteria","Firmicutes","Clostridia","Oscillospirales","Ruminococcaceae","Incertae Sedis","NA"
"ASV55","Bacteria","Firmicutes","Clostridia","Lachnospirales","Lachnospiraceae","Dorea","formicigenerans"
"ASV107","Bacteria","Fusobacteriota","Fusobacteriia","Fusobacteriales","Fusobacteriaceae","Fusobacterium","NA"
"ASV22","Bacteria","Firmicutes","Clostridia","Oscillospirales","Ruminococcaceae","Ruminococcus","bromii"
"ASV144","Bacteria","Firmicutes","Clostridia","Oscillospirales","Ruminococcaceae","CAG-352","NA"
"ASV36","Bacteria","Firmicutes","Clostridia","Oscillospirales","Ruminococcaceae","CAG-352","NA"
"ASV44","Bacteria","Firmicutes","Clostridia","Oscillospirales","Ruminococcaceae","Ruminococcus","NA"
"ASV43","Bacteria","Firmicutes","Clostridia","Oscillospirales","Ruminococcaceae","Ruminococcus","bromii"
"ASV300","Bacteria","Firmicutes","Clostridia","Clostridia UCG-014","NA","NA","NA"
"ASV157","Bacteria","Firmicutes","Clostridia","Clostridia UCG-014","NA","NA","NA"
"ASV272","Bacteria","Firmicutes","Clostridia","Clostridia UCG-014","NA","NA","NA"
"ASV268","Bacteria","Firmicutes","Clostridia","Clostridia UCG-014","NA","NA","NA"
"ASV205","Bacteria","Firmicutes","Clostridia","Clostridia UCG-014","NA","NA","NA"
"ASV165","Bacteria","Firmicutes","Clostridia","Clostridia UCG-014","NA","NA","NA"
"ASV486","Bacteria","Firmicutes","Clostridia","Oscillospirales","Butyricicoccaceae","Butyricicoccus","NA"
"ASV90","Bacteria","Firmicutes","Clostridia","Oscillospirales","Butyricicoccaceae","Butyricicoccus","NA"
"ASV120","Bacteria","Firmicutes","Clostridia","Oscillospirales","Butyricicoccaceae","Butyricicoccus","NA"
"ASV533","Bacteria","Firmicutes","Clostridia","Oscillospirales","Butyricicoccaceae","Butyricicoccus","NA"
"ASV728","Bacteria","Firmicutes","Clostridia","Oscillospirales","Butyricicoccaceae","Butyricicoccus","NA"
"ASV153","Bacteria","Proteobacteria","Gammaproteobacteria","Burkholderiales","Sutterellaceae","Sutterella","wadsworthensis"
"ASV276","Bacteria","Proteobacteria","Gammaproteobacteria","Burkholderiales","Sutterellaceae","Sutterella","wadsworthensis"
"ASV413","Bacteria","Proteobacteria","Gammaproteobacteria","Burkholderiales","Sutterellaceae","Sutterella","NA"
"ASV19","Bacteria","Firmicutes","Clostridia","Lachnospirales","Lachnospiraceae","Agathobacter","NA"
"ASV4","Bacteria","Firmicutes","Clostridia","Lachnospirales","Lachnospiraceae","Agathobacter","NA"
"ASV988","Bacteria","Firmicutes","Clostridia","Lachnospirales","Lachnospiraceae","Agathobacter","NA"
"ASV41","Bacteria","Firmicutes","Clostridia","Lachnospirales","Lachnospiraceae","Roseburia","inulinivorans"
"ASV281","Bacteria","Firmicutes","Clostridia","Lachnospirales","Lachnospiraceae","Roseburia","NA"
"ASV76","Bacteria","Firmicutes","Clostridia","Lachnospirales","Lachnospiraceae","Roseburia","intestinalis"
"ASV356","Bacteria","Firmicutes","Clostridia","Lachnospirales","Lachnospiraceae","Roseburia","NA"
"ASV103","Bacteria","Firmicutes","Clostridia","Lachnospirales","Lachnospiraceae","Roseburia","hominis"
"ASV883","Bacteria","Bacteroidota","Bacteroidia","Bacteroidales","Rikenellaceae","Alistipes","senegalensis"
"ASV288","Bacteria","Bacteroidota","Bacteroidia","Bacteroidales","Rikenellaceae","Alistipes","finegoldii"
"ASV366","Bacteria","Bacteroidota","Bacteroidia","Bacteroidales","Rikenellaceae","Alistipes","shahii"
"ASV332","Bacteria","Bacteroidota","Bacteroidia","Bacteroidales","Rikenellaceae","Alistipes","NA"
"ASV29","Bacteria","Bacteroidota","Bacteroidia","Bacteroidales","Rikenellaceae","Alistipes","putredinis"
"ASV553","Bacteria","Bacteroidota","Bacteroidia","Bacteroidales","Rikenellaceae","Alistipes","massiliensis"
"ASV109","Bacteria","Bacteroidota","Bacteroidia","Bacteroidales","Rikenellaceae","Alistipes","NA"
"ASV697","Bacteria","Bacteroidota","Bacteroidia","Bacteroidales","Rikenellaceae","Alistipes","NA"
"ASV470","Bacteria","Bacteroidota","Bacteroidia","Bacteroidales","Rikenellaceae","Alistipes","NA"
"ASV323","Bacteria","Bacteroidota","Bacteroidia","Bacteroidales","Rikenellaceae","Alistipes","inops"
"ASV389","Bacteria","Firmicutes","Clostridia","Lachnospirales","Lachnospiraceae","NA","NA"
"ASV390","Bacteria","Firmicutes","Clostridia","Lachnospirales","Lachnospiraceae","NA","NA"
"ASV399","Bacteria","Firmicutes","Clostridia","Lachnospirales","Lachnospiraceae","NA","NA"
"ASV169","Bacteria","Firmicutes","Clostridia","Lachnospirales","Lachnospiraceae","Roseburia","NA"
"ASV379","Bacteria","Firmicutes","Clostridia","Lachnospirales","Lachnospiraceae","[Ruminococcus] torques group","NA"
"ASV633","Bacteria","Firmicutes","Clostridia","Lachnospirales","Lachnospiraceae","[Ruminococcus] torques group","NA"
"ASV65","Bacteria","Firmicutes","Clostridia","Lachnospirales","Lachnospiraceae","[Ruminococcus] torques group","NA"
"ASV232","Bacteria","Firmicutes","Clostridia","Lachnospirales","Lachnospiraceae","[Ruminococcus] torques group","NA"
"ASV66","Bacteria","Firmicutes","Clostridia","Lachnospirales","Lachnospiraceae","[Ruminococcus] torques group","NA"
"ASV1218","Bacteria","Firmicutes","Clostridia","Lachnospirales","Lachnospiraceae","[Ruminococcus] torques group","NA"
"ASV38","Bacteria","Firmicutes","Clostridia","Lachnospirales","Lachnospiraceae","Coprococcus","comes"
"ASV610","Bacteria","Firmicutes","Clostridia","Lachnospirales","Lachnospiraceae","NA","NA"
"ASV1086","Bacteria","Firmicutes","Clostridia","Lachnospirales","Lachnospiraceae","NA","NA"
"ASV1226","Bacteria","Firmicutes","Clostridia","Lachnospirales","Lachnospiraceae","NA","NA"
"ASV893","Bacteria","Firmicutes","Clostridia","Lachnospirales","Lachnospiraceae","NA","NA"
"ASV540","Bacteria","Firmicutes","Clostridia","Lachnospirales","Lachnospiraceae","Marvinbryantia","NA"
"ASV910","Bacteria","Firmicutes","Clostridia","Lachnospirales","Lachnospiraceae","Marvinbryantia","NA"
"ASV1307","Bacteria","Firmicutes","Clostridia","Lachnospirales","Lachnospiraceae","Marvinbryantia","NA"
"ASV917","Bacteria","Firmicutes","Clostridia","Lachnospirales","Lachnospiraceae","Lachnospiraceae FCS020 group","bacterium"
"ASV1034","Bacteria","Firmicutes","Clostridia","Lachnospirales","Lachnospiraceae","Marvinbryantia","NA"
"ASV154","Bacteria","Firmicutes","Clostridia","Lachnospirales","Lachnospiraceae","CAG-56","NA"
"ASV45","Bacteria","Firmicutes","Clostridia","Lachnospirales","Lachnospiraceae","Fusicatenibacter","saccharivorans"
"ASV187","Bacteria","Firmicutes","Clostridia","Lachnospirales","Lachnospiraceae","NA","NA"
"ASV339","Bacteria","Firmicutes","Clostridia","Lachnospirales","Lachnospiraceae","[Ruminococcus] gauvreauii group","NA"
"ASV197","Bacteria","Firmicutes","Clostridia","Lachnospirales","Lachnospiraceae","[Ruminococcus] gauvreauii group","NA"
"ASV163","Bacteria","Firmicutes","Clostridia","Lachnospirales","Lachnospiraceae","Lachnospiraceae UCG-001","NA"
"ASV119","Bacteria","Firmicutes","Clostridia","Lachnospirales","Lachnospiraceae","Roseburia","NA"
"ASV173","Bacteria","Firmicutes","Clostridia","Lachnospirales","Lachnospiraceae","Roseburia","NA"
"ASV211","Bacteria","Firmicutes","Clostridia","Lachnospirales","Lachnospiraceae","[Eubacterium] xylanophilum group","NA"
"ASV554","Bacteria","Firmicutes","Clostridia","Lachnospirales","Lachnospiraceae","Eisenbergiella","massiliensis"
"ASV663","Bacteria","Firmicutes","Clostridia","Lachnospirales","Lachnospiraceae","Eisenbergiella","tayi"
"ASV64","Bacteria","Firmicutes","Clostridia","Lachnospirales","Lachnospiraceae","[Ruminococcus] gnavus group","NA"
"ASV506","Bacteria","Firmicutes","Clostridia","Lachnospirales","Lachnospiraceae","NA","NA"
"ASV767","Bacteria","Firmicutes","Clostridia","Lachnospirales","Lachnospiraceae","NA","NA"
"ASV277","Bacteria","Firmicutes","Clostridia","Lachnospirales","Lachnospiraceae","Lachnoclostridium","NA"
"ASV250","Bacteria","Firmicutes","Clostridia","Lachnospirales","Lachnospiraceae","Dorea","NA"
"ASV16","Bacteria","Firmicutes","Clostridia","Lachnospirales","Lachnospiraceae","Dorea","longicatena"
"ASV950","Bacteria","Firmicutes","Clostridia","Lachnospirales","Lachnospiraceae","[Eubacterium] fissicatena group","NA"
"ASV252","Bacteria","Firmicutes","Clostridia","Lachnospirales","Lachnospiraceae","Dorea","NA"
"ASV216","Bacteria","Firmicutes","Clostridia","Lachnospirales","Lachnospiraceae","NA","NA"
"ASV325","Bacteria","Firmicutes","Clostridia","Lachnospirales","Lachnospiraceae","Blautia","NA"
"ASV21","Bacteria","Firmicutes","Clostridia","Lachnospirales","Lachnospiraceae","Blautia","massiliensis"
"ASV56","Bacteria","Firmicutes","Clostridia","Lachnospirales","Lachnospiraceae","Blautia","obeum"
"ASV104","Bacteria","Firmicutes","Clostridia","Lachnospirales","Lachnospiraceae","Blautia","NA"
"ASV675","Bacteria","Firmicutes","Clostridia","Lachnospirales","Lachnospiraceae","Blautia","hydrogenotrophica"
"ASV550","Bacteria","Firmicutes","Clostridia","Lachnospirales","Lachnospiraceae","Blautia","NA"
"ASV7","Bacteria","Firmicutes","Clostridia","Lachnospirales","Lachnospiraceae","Blautia","NA"
"ASV846","Bacteria","Firmicutes","Clostridia","Lachnospirales","Lachnospiraceae","Blautia","luti"
"ASV865","Bacteria","Firmicutes","Clostridia","Lachnospirales","Lachnospiraceae","Blautia","NA"
"ASV498","Bacteria","Firmicutes","Clostridia","Lachnospirales","Lachnospiraceae","Blautia","NA"
"ASV226","Bacteria","Firmicutes","Clostridia","Lachnospirales","Lachnospiraceae","Blautia","NA"
"ASV547","Bacteria","Firmicutes","Clostridia","Lachnospirales","Lachnospiraceae","Blautia","NA"
"ASV816","Bacteria","Firmicutes","Clostridia","Lachnospirales","Lachnospiraceae","Blautia","NA"
"ASV349","Bacteria","Firmicutes","Clostridia","Lachnospirales","Lachnospiraceae","Blautia","NA"
"ASV1075","Bacteria","Firmicutes","Clostridia","Lachnospirales","Lachnospiraceae","Blautia","NA"
"ASV77","Bacteria","Firmicutes","Clostridia","Lachnospirales","Lachnospiraceae","Blautia","faecis"
"ASV1014","Bacteria","Firmicutes","Clostridia","Lachnospirales","Lachnospiraceae","Blautia","NA"
"ASV343","Bacteria","Firmicutes","Clostridia","Lachnospirales","Lachnospiraceae","Blautia","NA"
"ASV1908","Bacteria","Firmicutes","Clostridia","Lachnospirales","Lachnospiraceae","Lachnospiraceae FCS020 group","NA"
"ASV327","Bacteria","Firmicutes","Clostridia","Lachnospirales","Lachnospiraceae","Lachnospira","NA"
"ASV158","Bacteria","Firmicutes","Clostridia","Lachnospirales","Lachnospiraceae","Lachnospira","pectinoschiza"
"ASV42","Bacteria","Firmicutes","Clostridia","Lachnospirales","Lachnospiraceae","Lachnospira","pectinoschiza"
"ASV79","Bacteria","Firmicutes","Clostridia","Lachnospirales","Lachnospiraceae","[Eubacterium] eligens group","NA"
"ASV60","Bacteria","Firmicutes","Clostridia","Lachnospirales","Lachnospiraceae","[Eubacterium] eligens group","NA"
"ASV213","Bacteria","Firmicutes","Clostridia","Lachnospirales","Lachnospiraceae","Lachnospiraceae ND3007 group","NA"
"ASV1180","Bacteria","Firmicutes","Clostridia","Lachnospirales","Lachnospiraceae","Lachnospiraceae ND3007 group","NA"
"ASV222","Bacteria","Firmicutes","Clostridia","Lachnospirales","Lachnospiraceae","Anaerostipes","hadrus"
"ASV196","Bacteria","Firmicutes","Clostridia","Lachnospirales","Lachnospiraceae","Anaerostipes","NA"
"ASV160","Bacteria","Firmicutes","Clostridia","Lachnospirales","Lachnospiraceae","Anaerostipes","hadrus"
"ASV101","Bacteria","Firmicutes","Clostridia","Lachnospirales","Lachnospiraceae","Anaerostipes","NA"
"ASV368","Bacteria","Firmicutes","Clostridia","Lachnospirales","Lachnospiraceae","Anaerostipes","NA"
"ASV40","Bacteria","Firmicutes","Clostridia","Lachnospirales","Lachnospiraceae","Anaerostipes","hadrus"
"ASV810","Bacteria","Firmicutes","Clostridia","Lachnospirales","Lachnospiraceae","NA","NA"
"ASV193","Bacteria","Firmicutes","Clostridia","Lachnospirales","Lachnospiraceae","Coprococcus","catus"
"ASV761","Bacteria","Firmicutes","Clostridia","Lachnospirales","Lachnospiraceae","GCA-900066575","NA"
"ASV1863","Bacteria","Firmicutes","Clostridia","Lachnospirales","Lachnospiraceae","GCA-900066575","NA"
"ASV705","Bacteria","Firmicutes","Clostridia","Lachnospirales","Lachnospiraceae","[Eubacterium] ventriosum group","NA"
"ASV140","Bacteria","Firmicutes","Clostridia","Lachnospirales","Lachnospiraceae","[Eubacterium] ventriosum group","NA"
"ASV421","Bacteria","Firmicutes","Clostridia","Lachnospirales","Lachnospiraceae","Lachnoclostridium","NA"
"ASV84","Bacteria","Firmicutes","Clostridia","Lachnospirales","Lachnospiraceae","Lachnospiraceae NK4A136 group","NA"
"ASV151","Bacteria","Firmicutes","Clostridia","Lachnospirales","Lachnospiraceae","Lachnospiraceae NK4A136 group","NA"
"ASV1060","Bacteria","Firmicutes","Clostridia","Lachnospirales","Lachnospiraceae","UC5-1-2E3","NA"
"ASV1167","Bacteria","Firmicutes","Clostridia","Lachnospirales","Lachnospiraceae","Lachnospiraceae FCS020 group","NA"
"ASV407","Bacteria","Firmicutes","Clostridia","Lachnospirales","Lachnospiraceae","Lachnospiraceae FCS020 group","NA"
"ASV122","Bacteria","Firmicutes","Clostridia","Lachnospirales","Lachnospiraceae","Lachnospiraceae UCG-004","NA"
"ASV445","Bacteria","Firmicutes","Clostridia","Lachnospirales","Lachnospiraceae","Lachnospiraceae UCG-004","NA"
"ASV925","Bacteria","Firmicutes","Clostridia","Lachnospirales","Lachnospiraceae","Lachnospiraceae UCG-004","NA"
"ASV346","Bacteria","Firmicutes","Clostridia","Lachnospirales","Lachnospiraceae","Lachnospiraceae UCG-004","NA"
"ASV334","Bacteria","Firmicutes","Clostridia","Lachnospirales","Lachnospiraceae","NA","NA"
"ASV248","Bacteria","Firmicutes","Clostridia","Lachnospirales","Lachnospiraceae","NA","NA"
"ASV139","Bacteria","Firmicutes","Clostridia","Lachnospirales","Lachnospiraceae","Lachnoclostridium","NA"
"ASV1173","Bacteria","Firmicutes","Clostridia","Lachnospirales","Lachnospiraceae","Lachnoclostridium","NA"
"ASV1243","Bacteria","Firmicutes","Clostridia","Lachnospirales","Lachnospiraceae","Lachnoclostridium","NA"
"ASV775","Bacteria","Firmicutes","Clostridia","Lachnospirales","Lachnospiraceae","Lachnospiraceae UCG-009","NA"
"ASV710","Bacteria","Firmicutes","Clostridia","Lachnospirales","Lachnospiraceae","Lachnoclostridium","NA"
"ASV1201","Bacteria","Firmicutes","Clostridia","Lachnospirales","Lachnospiraceae","NA","NA"
"ASV123","Bacteria","Firmicutes","Clostridia","Lachnospirales","Lachnospiraceae","Lachnoclostridium","NA"
"ASV51","Bacteria","Firmicutes","Clostridia","Lachnospirales","Lachnospiraceae","Lachnoclostridium","NA"
"ASV111","Bacteria","Firmicutes","Clostridia","Lachnospirales","Lachnospiraceae","Coprococcus","NA"
"ASV71","Bacteria","Firmicutes","Clostridia","Lachnospirales","Lachnospiraceae","Coprococcus","eutactus"
"ASV190","Bacteria","Firmicutes","Clostridia","Lachnospirales","Lachnospiraceae","Coprococcus","NA"
"ASV481","Bacteria","Firmicutes","Clostridia","Lachnospirales","Lachnospiraceae","Hungatella","hathewayi"
"ASV959","Bacteria","Firmicutes","Clostridia","Lachnospirales","Lachnospiraceae","Hungatella","hathewayi"
"ASV319","Bacteria","Firmicutes","Clostridia","Lachnospirales","Lachnospiraceae","Lachnoclostridium","NA"
"ASV227","Bacteria","Firmicutes","Clostridia","Lachnospirales","Lachnospiraceae","Lachnoclostridium","NA"
"ASV52","Bacteria","Firmicutes","Clostridia","Lachnospirales","Lachnospiraceae","Lachnospiraceae NK4A136 group","NA"
"ASV162","Bacteria","Firmicutes","Clostridia","Lachnospirales","Lachnospiraceae","Lachnospiraceae NK4A136 group","bacterium"
"ASV198","Bacteria","Firmicutes","Clostridia","Lachnospirales","Lachnospiraceae","Lachnoclostridium","NA"
"ASV701","Bacteria","Firmicutes","Clostridia","Lachnospirales","Lachnospiraceae","NA","NA"
"ASV611","Bacteria","Firmicutes","Clostridia","Lachnospirales","Lachnospiraceae","NA","NA"
"ASV785","Bacteria","Firmicutes","Clostridia","Lachnospirales","Lachnospiraceae","NA","NA"
"ASV408","Bacteria","Firmicutes","Clostridia","Lachnospirales","Lachnospiraceae","NA","NA"
"ASV806","Bacteria","Firmicutes","Clostridia","Lachnospirales","Lachnospiraceae","Lachnoclostridium","NA"
"ASV59","Bacteria","Firmicutes","Clostridia","Lachnospirales","Lachnospiraceae","Lachnoclostridium","edouardi"
